{"resources":[{"name":"AlbumResource","operations":[{"name":"Create","versions":[{"resourceVersion":"0","contentVersion":"0","acceptVersion":"0"}]},{"name":"Delete","versions":[{"resourceVersion":"0","contentVersion":"0","acceptVersion":"0"}]},{"name":"Get","versions":[{"resourceVersion":"0","contentVersion":"0","acceptVersion":"0"}]},{"name":"Query_Mp3","versions":[{"resourceVersion":"0","contentVersion":"0","acceptVersion":"0"}]}]},{"name":"ArtistResource","operations":[{"name":"Create","versions":[{"resourceVersion":"0","contentVersion":"0","acceptVersion":"0"}]},{"name":"Delete","versions":[{"resourceVersion":"0","contentVersion":"0","acceptVersion":"0"}]},{"name":"Get","versions":[{"resourceVersion":"0","contentVersion":"0","acceptVersion":"0"}]}]},{"name":"SongResource","operations":[{"name":"Create","versions":[{"resourceVersion":"0","contentVersion":"0","acceptVersion":"0"}]},{"name":"Delete","versions":[{"resourceVersion":"0","contentVersion":"0","acceptVersion":"0"}]},{"name":"Get","versions":[{"resourceVersion":"0","contentVersion":"0","acceptVersion":"0"}]}]}]}