<?xml version="1.0" encoding="UTF-8"?>
<!--
    Copyright (c) 2017 IBM Corporation and others.
    All rights reserved. This program and the accompanying materials
    are made available under the terms of the Eclipse Public License v1.0
    which accompanies this distribution, and is available at
    http://www.eclipse.org/legal/epl-v10.html
   
    Contributors:
        IBM Corporation - initial API and implementation
 -->

<Configuration>
  <Appenders>
    <Console name="Console">
      <PatternLayout pattern="%d{HH:mm:ss.SSS} [%t] %-5level %logger{36} - %msg%n"/>
    </Console>
  </Appenders>
  <Loggers>
    <Logger name="org.apache.zookeeper" level="error">
      <AppenderRef ref="Console"/>
    </Logger>
    <Logger name="org.apache.curator" level="error">
      <AppenderRef ref="Console"/>
    </Logger>
    <Logger name="org.springframework" level="error">
      <AppenderRef ref="Console"/>
    </Logger>

    <Root level="trace">
      <AppenderRef ref="Console"/>
    </Root>
  </Loggers>
</Configuration>