{
  "AgencyPCCDetail" : {
    "id" : "agencyPCC_1",
    "pseudoCityCode" : "ATL",
    "agencyCode" : "12345678",
    "country" : "US",
    "codeAffinity" : "1G",
    "tierLevel" : 1,
    "bsp" : "Example String Value",
    "whps" : "Example String Value",
    "Identifier" : {
      "value" : "A0656EFF-FAF4-456F-B061-0161008D7C4E",
      "authority" : "Travelport"
    },
    "City" : {
      "value" : "DEN",
      "cityOrAirport" : "Airport Only"
    },
    "Currency" : {
      "value" : null,
      "code" : "USD",
      "minorUnit" : 2
    },
    "Name" : "Example String Value",
    "StateProv" : "CO",
    "PostalCode" : "Example String Value"
  }
}