{
  "Amount" : {
    "currencySource" : "Supplier",
    "repriceInd" : true,
    "approximateInd" : true,
    "Currency" : {
      "value" : null,
      "code" : "USD",
      "minorUnit" : 2
    },
    "Base" : {
      "value" : 123.45,
      "code" : "USD",
      "minorUnit" : 2,
      "currencySource" : "Charged",
      "approximateInd" : true
    },
    "Taxes" : {
      "@type" : "TaxesDetail",
      "TotalTaxes" : {
        "value" : 123.45,
        "code" : "USD",
        "minorUnit" : 2,
        "currencySource" : "Requested",
        "approximateInd" : true
      },
      "Tax" : [ {
        "value" : 40.00,
        "code" : "EUR",
        "minorUnit" : 2,
        "taxCode" : "XT",
        "reportingAuthority" : "Tax Collector",
        "purpose" : "City tax for airport",
        "description" : "This is a tax applied to all flights departing from this airport"
      }, {
        "value" : 40.00,
        "code" : "EUR",
        "minorUnit" : 2,
        "taxCode" : "XT",
        "reportingAuthority" : "Tax Collector",
        "purpose" : "City tax for airport",
        "description" : "This is a tax applied to all flights departing from this airport"
      }, {
        "value" : 40.00,
        "code" : "EUR",
        "minorUnit" : 2,
        "taxCode" : "XT",
        "reportingAuthority" : "Tax Collector",
        "purpose" : "City tax for airport",
        "description" : "This is a tax applied to all flights departing from this airport"
      } ]
    },
    "Fees" : {
      "@type" : "FeesDetail",
      "TotalFees" : {
        "value" : 123.45,
        "code" : "USD",
        "minorUnit" : 2,
        "currencySource" : "Supplier",
        "approximateInd" : true
      },
      "Fee" : [ {
        "value" : 40.00,
        "code" : "EUR",
        "minorUnit" : 2,
        "feeCode" : "XT",
        "reportingAuthority" : "Tax Collector",
        "purpose" : "City tax for airport",
        "description" : "This is a tax applied to all flights departing from this airport"
      }, {
        "value" : 40.00,
        "code" : "EUR",
        "minorUnit" : 2,
        "feeCode" : "XT",
        "reportingAuthority" : "Tax Collector",
        "purpose" : "City tax for airport",
        "description" : "This is a tax applied to all flights departing from this airport"
      }, {
        "value" : 40.00,
        "code" : "EUR",
        "minorUnit" : 2,
        "feeCode" : "XT",
        "reportingAuthority" : "Tax Collector",
        "purpose" : "City tax for airport",
        "description" : "This is a tax applied to all flights departing from this airport"
      } ]
    },
    "Total" : {
      "value" : 123.45,
      "code" : "USD",
      "minorUnit" : 2,
      "currencySource" : "Charged",
      "approximateInd" : true
    }
  }
}