{
  "ErrorWarningDetail" : {
    "StatusCode" : 503,
    "Message" : "EasyJet flight 123 could not be booked. It is not available for the date requested.",
    "NameValuePair" : [ {
      "value" : "value part of name/value pair",
      "id" : "nameValuePair_1",
      "name" : "name part of name/value pair"
    }, {
      "value" : "value part of name/value pair",
      "id" : "nameValuePair_2",
      "name" : "name part of name/value pair"
    }, {
      "value" : "value part of name/value pair",
      "id" : "nameValuePair_3",
      "name" : "name part of name/value pair"
    } ],
    "SourceID" : "1G",
    "SourceCode" : "1100003",
    "SourceDescription" : "Flight {0} is not available"
  }
}