{
  "ErrorResponse" : {
    "transactionId" : "6570ed7b-89fe-4334-9c78-af282a977ba6",
    "traceId" : "c009a53c-48f6-4084-b7b6-3043fa9fec67",
    "Result" : {
      "@type" : "Result",
      "status" : "Not processed",
      "Error" : [ {
        "@type" : "ErrorDetail",
        "StatusCode" : 503,
        "Message" : "EasyJet flight 123 could not be booked. It is not available for the date requested.",
        "ErrorDetail" : [ {
          "value" : "value part of name/value pair",
          "id" : "nameValuePair_1",
          "name" : "name part of name/value pair"
        }, {
          "value" : "value part of name/value pair",
          "id" : "nameValuePair_2",
          "name" : "name part of name/value pair"
        }, {
          "value" : "value part of name/value pair",
          "id" : "nameValuePair_3",
          "name" : "name part of name/value pair"
        } ],
        "SourceID" : "1G",
        "SourceCode" : "1100003",
        "SourceDescription" : "Flight {0} is not available"
      }, {
        "@type" : "ErrorDetail",
        "StatusCode" : 503,
        "Message" : "EasyJet flight 123 could not be booked. It is not available for the date requested.",
        "ErrorDetail" : [ {
          "value" : "value part of name/value pair",
          "id" : "nameValuePair_4",
          "name" : "name part of name/value pair"
        }, {
          "value" : "value part of name/value pair",
          "id" : "nameValuePair_5",
          "name" : "name part of name/value pair"
        }, {
          "value" : "value part of name/value pair",
          "id" : "nameValuePair_6",
          "name" : "name part of name/value pair"
        } ],
        "SourceID" : "1G",
        "SourceCode" : "1100003",
        "SourceDescription" : "Flight {0} is not available"
      }, {
        "@type" : "ErrorDetail",
        "StatusCode" : 503,
        "Message" : "EasyJet flight 123 could not be booked. It is not available for the date requested.",
        "ErrorDetail" : [ {
          "value" : "value part of name/value pair",
          "id" : "nameValuePair_7",
          "name" : "name part of name/value pair"
        }, {
          "value" : "value part of name/value pair",
          "id" : "nameValuePair_8",
          "name" : "name part of name/value pair"
        }, {
          "value" : "value part of name/value pair",
          "id" : "nameValuePair_9",
          "name" : "name part of name/value pair"
        } ],
        "SourceID" : "1G",
        "SourceCode" : "1100003",
        "SourceDescription" : "Flight {0} is not available"
      } ],
      "Warning" : [ {
        "@type" : "WarningDetail",
        "StatusCode" : 503,
        "Message" : "EasyJet flight 123 could not be booked. It is not available for the date requested.",
        "WarningDetail" : [ {
          "value" : "value part of name/value pair",
          "id" : "nameValuePair_10",
          "name" : "name part of name/value pair"
        }, {
          "value" : "value part of name/value pair",
          "id" : "nameValuePair_11",
          "name" : "name part of name/value pair"
        }, {
          "value" : "value part of name/value pair",
          "id" : "nameValuePair_12",
          "name" : "name part of name/value pair"
        } ],
        "SourceID" : "1G",
        "SourceCode" : "1100003",
        "SourceDescription" : "Flight {0} is not available"
      }, {
        "@type" : "WarningDetail",
        "StatusCode" : 503,
        "Message" : "EasyJet flight 123 could not be booked. It is not available for the date requested.",
        "WarningDetail" : [ {
          "value" : "value part of name/value pair",
          "id" : "nameValuePair_13",
          "name" : "name part of name/value pair"
        }, {
          "value" : "value part of name/value pair",
          "id" : "nameValuePair_14",
          "name" : "name part of name/value pair"
        }, {
          "value" : "value part of name/value pair",
          "id" : "nameValuePair_15",
          "name" : "name part of name/value pair"
        } ],
        "SourceID" : "1G",
        "SourceCode" : "1100003",
        "SourceDescription" : "Flight {0} is not available"
      }, {
        "@type" : "WarningDetail",
        "StatusCode" : 503,
        "Message" : "EasyJet flight 123 could not be booked. It is not available for the date requested.",
        "WarningDetail" : [ {
          "value" : "value part of name/value pair",
          "id" : "nameValuePair_16",
          "name" : "name part of name/value pair"
        }, {
          "value" : "value part of name/value pair",
          "id" : "nameValuePair_17",
          "name" : "name part of name/value pair"
        }, {
          "value" : "value part of name/value pair",
          "id" : "nameValuePair_18",
          "name" : "name part of name/value pair"
        } ],
        "SourceID" : "1G",
        "SourceCode" : "1100003",
        "SourceDescription" : "Flight {0} is not available"
      } ]
    },
    "Identifier" : {
      "value" : "A0656EFF-FAF4-456F-B061-0161008D7C4E",
      "authority" : "Travelport"
    },
    "NextSteps" : {
      "@type" : "NextSteps",
      "baseURI" : "http://www.w3.org/2001/XMLSchema",
      "id" : "nextSteps_1",
      "NextStep" : [ {
        "value" : "http://tvp.com/reservations/rABCD/products/p1234",
        "id" : "nextStep_1",
        "action" : "Cancel",
        "method" : "GET",
        "description" : "remove offer from the order"
      }, {
        "value" : "http://tvp.com/reservations/rABCD/products/p1234",
        "id" : "nextStep_2",
        "action" : "Cancel",
        "method" : "DELETE",
        "description" : "remove offer from the order"
      }, {
        "value" : "http://tvp.com/reservations/rABCD/products/p1234",
        "id" : "nextStep_3",
        "action" : "Cancel",
        "method" : "PUT",
        "description" : "remove offer from the order"
      } ]
    }
  }
}