{
  "FeesDetail" : {
    "TotalFees" : {
      "value" : 123.45,
      "code" : "USD",
      "minorUnit" : 2,
      "currencySource" : "Supplier",
      "approximateInd" : true
    },
    "Fee" : [ {
      "value" : 40.00,
      "code" : "EUR",
      "minorUnit" : 2,
      "feeCode" : "XT",
      "reportingAuthority" : "Tax Collector",
      "purpose" : "City tax for airport",
      "description" : "This is a tax applied to all flights departing from this airport"
    }, {
      "value" : 40.00,
      "code" : "EUR",
      "minorUnit" : 2,
      "feeCode" : "XT",
      "reportingAuthority" : "Tax Collector",
      "purpose" : "City tax for airport",
      "description" : "This is a tax applied to all flights departing from this airport"
    }, {
      "value" : 40.00,
      "code" : "EUR",
      "minorUnit" : 2,
      "feeCode" : "XT",
      "reportingAuthority" : "Tax Collector",
      "purpose" : "City tax for airport",
      "description" : "This is a tax applied to all flights departing from this airport"
    } ]
  }
}