{
  "NextSteps" : {
    "baseURI" : "http://www.w3.org/2001/XMLSchema",
    "id" : "nextSteps_1",
    "NextStep" : [ {
      "value" : "http://tvp.com/reservations/rABCD/products/p1234",
      "id" : "nextStep_1",
      "action" : "Cancel",
      "method" : "GET",
      "description" : "remove offer from the order"
    }, {
      "value" : "http://tvp.com/reservations/rABCD/products/p1234",
      "id" : "nextStep_2",
      "action" : "Cancel",
      "method" : "DELETE",
      "description" : "remove offer from the order"
    }, {
      "value" : "http://tvp.com/reservations/rABCD/products/p1234",
      "id" : "nextStep_3",
      "action" : "Cancel",
      "method" : "PUT",
      "description" : "remove offer from the order"
    } ]
  }
}