{
  "PersonName" : {
    "type" : "Former",
    "language" : "???",
    "defaultInd" : true,
    "Prefix" : "Dr.",
    "Given" : "Theodore",
    "Middle" : "Edmund",
    "SurnamePrefix" : "Example String Value",
    "Surname" : "Alexander",
    "Suffix" : "Sr.",
    "Title" : "Example String Value",
    "Privacy" : {
      "value" : null,
      "id" : "privacy_1",
      "shareMarketing" : "Yes",
      "shareSync" : "No",
      "optOutInd" : "Inherit",
      "optInStatus" : "OptedIn",
      "optInDate" : "2014-11-14T06:02:03",
      "optOutDate" : "2016-01-14T09:57:59"
    }
  }
}