{
  "Remarks" : {
    "Remark" : [ {
      "value" : "Example String Value",
      "id" : "remark_1",
      "remarkType" : "SSR",
      "remarkCategory" : "Example String Value",
      "supplier" : "Example String Value",
      "supplierType" : "Example String Value",
      "priority" : 2
    }, {
      "value" : "Example String Value",
      "id" : "remark_2",
      "remarkType" : "OSI",
      "remarkCategory" : "Example String Value",
      "supplier" : "Example String Value",
      "supplierType" : "Example String Value",
      "priority" : 2
    }, {
      "value" : "Example String Value",
      "id" : "remark_3",
      "remarkType" : "General",
      "remarkCategory" : "Example String Value",
      "supplier" : "Example String Value",
      "supplierType" : "Example String Value",
      "priority" : 2
    } ]
  }
}