{
  "Result" : {
    "status" : "Not processed",
    "Error" : [ {
      "@type" : "ErrorDetail",
      "StatusCode" : 503,
      "Message" : "EasyJet flight 123 could not be booked. It is not available for the date requested.",
      "ErrorDetail" : [ {
        "value" : "value part of name/value pair",
        "id" : "nameValuePair_1",
        "name" : "name part of name/value pair"
      }, {
        "value" : "value part of name/value pair",
        "id" : "nameValuePair_2",
        "name" : "name part of name/value pair"
      }, {
        "value" : "value part of name/value pair",
        "id" : "nameValuePair_3",
        "name" : "name part of name/value pair"
      } ],
      "SourceID" : "1G",
      "SourceCode" : "1100003",
      "SourceDescription" : "Flight {0} is not available"
    }, {
      "@type" : "ErrorDetail",
      "StatusCode" : 503,
      "Message" : "EasyJet flight 123 could not be booked. It is not available for the date requested.",
      "ErrorDetail" : [ {
        "value" : "value part of name/value pair",
        "id" : "nameValuePair_4",
        "name" : "name part of name/value pair"
      }, {
        "value" : "value part of name/value pair",
        "id" : "nameValuePair_5",
        "name" : "name part of name/value pair"
      }, {
        "value" : "value part of name/value pair",
        "id" : "nameValuePair_6",
        "name" : "name part of name/value pair"
      } ],
      "SourceID" : "1G",
      "SourceCode" : "1100003",
      "SourceDescription" : "Flight {0} is not available"
    }, {
      "@type" : "ErrorDetail",
      "StatusCode" : 503,
      "Message" : "EasyJet flight 123 could not be booked. It is not available for the date requested.",
      "ErrorDetail" : [ {
        "value" : "value part of name/value pair",
        "id" : "nameValuePair_7",
        "name" : "name part of name/value pair"
      }, {
        "value" : "value part of name/value pair",
        "id" : "nameValuePair_8",
        "name" : "name part of name/value pair"
      }, {
        "value" : "value part of name/value pair",
        "id" : "nameValuePair_9",
        "name" : "name part of name/value pair"
      } ],
      "SourceID" : "1G",
      "SourceCode" : "1100003",
      "SourceDescription" : "Flight {0} is not available"
    } ],
    "Warning" : [ {
      "@type" : "WarningDetail",
      "StatusCode" : 503,
      "Message" : "EasyJet flight 123 could not be booked. It is not available for the date requested.",
      "WarningDetail" : [ {
        "value" : "value part of name/value pair",
        "id" : "nameValuePair_10",
        "name" : "name part of name/value pair"
      }, {
        "value" : "value part of name/value pair",
        "id" : "nameValuePair_11",
        "name" : "name part of name/value pair"
      }, {
        "value" : "value part of name/value pair",
        "id" : "nameValuePair_12",
        "name" : "name part of name/value pair"
      } ],
      "SourceID" : "1G",
      "SourceCode" : "1100003",
      "SourceDescription" : "Flight {0} is not available"
    }, {
      "@type" : "WarningDetail",
      "StatusCode" : 503,
      "Message" : "EasyJet flight 123 could not be booked. It is not available for the date requested.",
      "WarningDetail" : [ {
        "value" : "value part of name/value pair",
        "id" : "nameValuePair_13",
        "name" : "name part of name/value pair"
      }, {
        "value" : "value part of name/value pair",
        "id" : "nameValuePair_14",
        "name" : "name part of name/value pair"
      }, {
        "value" : "value part of name/value pair",
        "id" : "nameValuePair_15",
        "name" : "name part of name/value pair"
      } ],
      "SourceID" : "1G",
      "SourceCode" : "1100003",
      "SourceDescription" : "Flight {0} is not available"
    }, {
      "@type" : "WarningDetail",
      "StatusCode" : 503,
      "Message" : "EasyJet flight 123 could not be booked. It is not available for the date requested.",
      "WarningDetail" : [ {
        "value" : "value part of name/value pair",
        "id" : "nameValuePair_16",
        "name" : "name part of name/value pair"
      }, {
        "value" : "value part of name/value pair",
        "id" : "nameValuePair_17",
        "name" : "name part of name/value pair"
      }, {
        "value" : "value part of name/value pair",
        "id" : "nameValuePair_18",
        "name" : "name part of name/value pair"
      } ],
      "SourceID" : "1G",
      "SourceCode" : "1100003",
      "SourceDescription" : "Flight {0} is not available"
    } ]
  }
}