<?xml version="1.0" encoding="UTF-8"?>
<Configuration>
  <Appenders>
    <Console name="Console">
      <PatternLayout pattern="%d{HH:mm:ss.SSS} [%t] %-5level %logger{36} - %msg%n"/>
    </Console>
  </Appenders>
  <Loggers>
    <Logger name="org.apache.zookeeper" level="error">
      <AppenderRef ref="Console"/>
    </Logger>
    <Logger name="org.apache.curator" level="error">
      <AppenderRef ref="Console"/>
    </Logger>
    <Logger name="org.springframework" level="error">
      <AppenderRef ref="Console"/>
    </Logger>

    <Root level="trace">
      <AppenderRef ref="Console"/>
    </Root>
  </Loggers>
</Configuration>