<?xml version="1.0" encoding="UTF-8"?>

<beans xmlns:xsi="http://www.w3.org/2001/XMLSchema-instance"
       xmlns="http://www.springframework.org/schema/beans"
       xsi:schemaLocation="http://www.springframework.org/schema/beans http://www.springframework.org/schema/beans/spring-beans-2.0.xsd">

    <!-- Code Generator Factory Defines the set of supported code generators
        for the OTM compiler. Each code generator class is associated with a unique
        target format / source type combination. Target formats are simple string
        identifiers that denote the output format of the code generator. Source types
        are the class names of an OTA2 library model class. All code generator classes
        must implement the 'org.opentravel.schemacompiler.codegen.CodeGenerator'
        interface. -->
    <bean id="javaCodeGeneratorFactory"
          class="org.opentravel.schemacompiler.codegen.CodeGeneratorFactory">
        <property name="nestedFactories">
            <set>
                <ref bean="baseCodeGeneratorFactory"/>
            </set>
        </property>
        <property name="codeGeneratorMappings">
            <set>
                <bean class="org.opentravel.schemacompiler.codegen.CodeGeneratorMapping">
                    <property name="sourceType"
                              value="org.opentravel.schemacompiler.model.TLModel"/>
                    <property name="targetFormat" value="JAVA"/>
                    <property name="codeGenerator"
                              value="com.travelport.otm.sourcegen.java.JavaCodeGenerator"/>
                </bean>
                <bean class="org.opentravel.schemacompiler.codegen.CodeGeneratorMapping">
                    <property name="sourceType"
                              value="org.opentravel.schemacompiler.model.TLModel"/>
                    <property name="targetFormat" value="HTML"/>
                    <property name="codeGenerator"
                              value="com.travelport.otm.sourcegen.documentation.DocumentationGenerator"/>
                </bean>
            </set>
        </property>
    </bean>

    <!-- Transform Factory: Java Code Generator Defines the object transformation
        mappings utilized by the OTM-API compiler code generator. Each mapping associates
        the source and target object types with the transformer class that will be
        used to implement the conversion function. All transformer classes must implement
        the 'org.opentravel.schemacompiler.transform.ObjectTransformer' interface. -->
    <bean id="javaTransformerFactory"
          class="org.opentravel.schemacompiler.transform.TransformerFactory"
          scope="prototype">
        <property name="transformerMappings">
            <set>
                <bean class="org.opentravel.schemacompiler.transform.TransformerMapping">
                    <property name="source"
                              value="org.opentravel.schemacompiler.model.TLFacet"/>
                    <property name="target"
                              value="org.opentravel.schemacompiler.codegen.impl.CodegenArtifacts"/>
                    <property name="transformer"
                              value="com.travelport.otm.sourcegen.java.transform.FacetToJavaClassTransformer"/>
                </bean>
                <bean class="org.opentravel.schemacompiler.transform.TransformerMapping">
                    <property name="source"
                              value="org.opentravel.schemacompiler.model.TLValueWithAttributes"/>
                    <property name="target"
                              value="org.opentravel.schemacompiler.codegen.impl.CodegenArtifacts"/>
                    <property name="transformer"
                              value="com.travelport.otm.sourcegen.java.transform.ValueWithAttributesToJavaClassTransformer"/>
                </bean>
                <bean class="org.opentravel.schemacompiler.transform.TransformerMapping">
                    <property name="source"
                              value="org.opentravel.schemacompiler.model.TLOpenEnumeration"/>
                    <property name="target"
                              value="org.opentravel.schemacompiler.codegen.impl.CodegenArtifacts"/>
                    <property name="transformer"
                              value="com.travelport.otm.sourcegen.java.transform.OpenEnumToJavaClassTransformer"/>
                </bean>
                <bean class="org.opentravel.schemacompiler.transform.TransformerMapping">
                    <property name="source"
                              value="org.opentravel.schemacompiler.model.TLClosedEnumeration"/>
                    <property name="target"
                              value="org.opentravel.schemacompiler.codegen.impl.CodegenArtifacts"/>
                    <property name="transformer"
                              value="com.travelport.otm.sourcegen.java.transform.ClosedEnumToJavaClassTransformer"/>
                </bean>
                <bean class="org.opentravel.schemacompiler.transform.TransformerMapping">
                    <property name="source"
                              value="org.opentravel.schemacompiler.model.TLRoleEnumeration"/>
                    <property name="target"
                              value="org.opentravel.schemacompiler.codegen.impl.CodegenArtifacts"/>
                    <property name="transformer"
                              value="com.travelport.otm.sourcegen.java.transform.RoleEnumToJavaClassTransformer"/>
                </bean>
                <bean class="org.opentravel.schemacompiler.transform.TransformerMapping">
                    <property name="source"
                              value="org.opentravel.schemacompiler.model.TLProperty"/>
                    <property name="target"
                              value="com.travelport.otm.sourcegen.java.model.JavaProperty"/>
                    <property name="transformer"
                              value="com.travelport.otm.sourcegen.java.transform.property.TLPropertyToJavaPropertyTransformer"/>
                </bean>
                <bean class="org.opentravel.schemacompiler.transform.TransformerMapping">
                    <property name="source"
                              value="org.opentravel.schemacompiler.model.TLAttribute"/>
                    <property name="target"
                              value="org.opentravel.schemacompiler.codegen.impl.CodegenArtifacts"/>
                    <property name="transformer"
                              value="com.travelport.otm.sourcegen.java.transform.property.TLAttributeToJavaPropertyTransformer"/>
                </bean>
                <bean class="org.opentravel.schemacompiler.transform.TransformerMapping">
                    <property name="source"
                              value="org.opentravel.schemacompiler.model.TLIndicator"/>
                    <property name="target"
                              value="com.travelport.otm.sourcegen.java.model.JavaProperty"/>
                    <property name="transformer"
                              value="com.travelport.otm.sourcegen.java.transform.property.TLIndicatorToJavaPropertyTransformer"/>
                </bean>
                <bean class="org.opentravel.schemacompiler.transform.TransformerMapping">
                    <property name="source"
                              value="org.opentravel.schemacompiler.model.TLPropertyType"/>
                    <property name="target"
                              value="com.travelport.otm.sourcegen.java.model.JavaClassName"/>
                    <property name="transformer"
                              value="com.travelport.otm.sourcegen.java.transform.property.type.TLPropertyTypeToJavaClassnameTransformer"/>
                </bean>
                <bean class="org.opentravel.schemacompiler.transform.TransformerMapping">
                    <property name="source"
                              value="org.opentravel.schemacompiler.model.TLBusinessObject"/>
                    <property name="target"
                              value="org.opentravel.schemacompiler.codegen.impl.CodegenArtifacts"/>
                    <property name="transformer"
                              value="com.travelport.otm.sourcegen.java.transform.BusinessObjectTransformer"/>
                </bean>
                <bean class="org.opentravel.schemacompiler.transform.TransformerMapping">
                    <property name="source"
                              value="org.opentravel.schemacompiler.model.TLCoreObject"/>
                    <property name="target"
                              value="org.opentravel.schemacompiler.codegen.impl.CodegenArtifacts"/>
                    <property name="transformer"
                              value="com.travelport.otm.sourcegen.java.transform.CoreObjectTransformer"/>
                </bean>
                <bean class="org.opentravel.schemacompiler.transform.TransformerMapping">
                    <property name="source"
                              value="org.opentravel.schemacompiler.model.TLChoiceObject"/>
                    <property name="target"
                              value="org.opentravel.schemacompiler.codegen.impl.CodegenArtifacts"/>
                    <property name="transformer"
                              value="com.travelport.otm.sourcegen.java.transform.ChoiceObjectTransformer"/>
                </bean>
                <bean class="org.opentravel.schemacompiler.transform.TransformerMapping">
                    <property name="source"
                              value="org.opentravel.schemacompiler.model.TLService"/>
                    <property name="target"
                              value="org.opentravel.schemacompiler.codegen.impl.CodegenArtifacts"/>
                    <property name="transformer"
                              value="com.travelport.otm.sourcegen.java.transform.ServiceTransformer"/>
                </bean>
                <bean class="org.opentravel.schemacompiler.transform.TransformerMapping">
                    <property name="source"
                              value="org.opentravel.schemacompiler.model.TLResource"/>
                    <property name="target"
                              value="org.opentravel.schemacompiler.codegen.impl.CodegenArtifacts"/>
                    <property name="transformer"
                              value="com.travelport.otm.sourcegen.java.transform.ResourceObjectTransformer"/>
                </bean>
                <bean class="org.opentravel.schemacompiler.transform.TransformerMapping">
                    <property name="source"
                              value="org.opentravel.schemacompiler.model.TLActionFacet"/>
                    <property name="target"
                              value="org.opentravel.schemacompiler.codegen.impl.CodegenArtifacts"/>
                    <property name="transformer"
                              value="com.travelport.otm.sourcegen.java.transform.ActionFacetTransformer"/>
                </bean>
                <bean class="org.opentravel.schemacompiler.transform.TransformerMapping">
                    <property name="source" value="org.opentravel.schemacompiler.model.TLExtensionPointFacet"/>
                    <property name="target" value="org.opentravel.schemacompiler.codegen.impl.CodegenArtifacts"/>
                    <property name="transformer"
                              value="com.travelport.otm.sourcegen.java.transform.ExtensionPointTransformer"/>
                </bean>
            </set>
        </property>
    </bean>

    <!-- Code Generation Tasks Defines the beans that are available as pre-configured
        code generation tasks. -->
    <bean id="OTMCompileAllCompilerTask"
          class="com.travelport.otm.compiler.task.OTMCompileAllCompilerTask"
          scope="prototype">
    </bean>
    <bean id="JavaCompilerTask" class="com.travelport.otm.compiler.task.JavaCompilerTask"
          scope="prototype">
    </bean>

    <!--
      Resource Bundle: Compiler Error/Warning Messages

      Defines the name of the resource bundle(s) where all of the user-displayable validation messages
      are defined.
      -->
    <bean id="messageSource" class="org.springframework.context.support.ResourceBundleMessageSource">
        <property name="basenames">
            <list>
                <value>org/opentravel/schemacompiler/compiler-messages</value>
                <value>com/travelport/otm/compiler/version-messages</value>
            </list>
        </property>
    </bean>
</beans>