{
	"id": "79d78e24-e257-d8cc-1bc5-bac59acfa60d",
	"name": "Albumdomain-Jersey",
	"description": "",
	"order": [
		"3ab205b5-3e50-bfab-d8d7-8fff503baecc",
		"2a3b53a6-e555-c328-1dff-1bad15c98582",
		"02b5e1af-c7d5-5275-1a43-ff19a9fb1e7c",
		"b554b2e0-ab8e-cce7-bc01-0968eccee64f",
		"9ce8faed-c294-aec7-9f25-7d52edbe4237",
		"706855a6-0eda-d81d-cdb5-146bba119383"
	],
	"folders": [],
	"folders_order": [],
	"timestamp": 1508367633617,
	"owner": 0,
	"public": false,
	"requests": [
		{
			"id": "02b5e1af-c7d5-5275-1a43-ff19a9fb1e7c",
			"headers": "Content-Type: application/json\n",
			"headerData": [
				{
					"key": "Content-Type",
					"value": "application/json",
					"description": "",
					"enabled": true
				}
			],
			"url": "http://localhost:9090/albumdomain-jersey-sponnapalli/myresource/123",
			"queryParams": [],
			"pathVariables": {},
			"pathVariableData": [],
			"preRequestScript": null,
			"method": "POST",
			"collectionId": "79d78e24-e257-d8cc-1bc5-bac59acfa60d",
			"data": null,
			"dataMode": "params",
			"name": "Post_NoPayload",
			"description": "",
			"descriptionFormat": "html",
			"time": 1508367833108,
			"version": 2,
			"responses": [],
			"tests": null,
			"currentHelper": "normal",
			"helperAttributes": {}
		},
		{
			"id": "2a3b53a6-e555-c328-1dff-1bad15c98582",
			"headers": "Accept-Version: 1.0\n",
			"headerData": [
				{
					"key": "Accept-Version",
					"value": "1.0",
					"description": "",
					"enabled": true
				}
			],
			"url": "http://localhost:9090/albumdomain-jersey-sponnapalli/myresource/album/header?albumId=123",
			"queryParams": [
				{
					"key": "albumId",
					"value": "123",
					"equals": true,
					"description": "",
					"enabled": true
				}
			],
			"preRequestScript": null,
			"pathVariables": {},
			"pathVariableData": [],
			"method": "GET",
			"data": null,
			"dataMode": "params",
			"version": 2,
			"tests": null,
			"currentHelper": "normal",
			"helperAttributes": {},
			"time": 1508436446017,
			"name": "Get_HP_AlbumId",
			"description": "",
			"collectionId": "79d78e24-e257-d8cc-1bc5-bac59acfa60d",
			"responses": []
		},
		{
			"id": "3ab205b5-3e50-bfab-d8d7-8fff503baecc",
			"headers": "",
			"headerData": [],
			"url": "http://localhost:9090/albumdomain-jersey-sponnapalli/myresource/album?albumId=123",
			"queryParams": [
				{
					"key": "albumId",
					"value": "123",
					"equals": true,
					"description": "",
					"enabled": true
				}
			],
			"pathVariables": {},
			"pathVariableData": [],
			"preRequestScript": null,
			"method": "GET",
			"collectionId": "79d78e24-e257-d8cc-1bc5-bac59acfa60d",
			"data": null,
			"dataMode": "params",
			"name": "Get_QP_AlbumId",
			"description": "",
			"descriptionFormat": "html",
			"time": 1508367905506,
			"version": 2,
			"responses": [],
			"tests": null,
			"currentHelper": "normal",
			"helperAttributes": {}
		},
		{
			"id": "706855a6-0eda-d81d-cdb5-146bba119383",
			"headers": "Content-Type: application/json\n",
			"headerData": [
				{
					"key": "Content-Type",
					"value": "application/json",
					"description": "",
					"enabled": true
				}
			],
			"url": "http://localhost:9090/albumdomain-jersey-sponnapalli/myresource/update/Sri-Old-Album",
			"queryParams": [],
			"preRequestScript": null,
			"pathVariables": {},
			"pathVariableData": [],
			"method": "PUT",
			"data": [],
			"dataMode": "raw",
			"version": 2,
			"tests": null,
			"currentHelper": "normal",
			"helperAttributes": {},
			"time": 1508440647127,
			"name": "Update_Album",
			"description": "",
			"collectionId": "79d78e24-e257-d8cc-1bc5-bac59acfa60d",
			"responses": [],
			"rawModeData": "{\r\n    \"Title\": \"Sri-New-Album2\",\r\n    \"id\": \"345\",\r\n    \"Song\": [{\"id\": \"1\"}],\r\n    \"ArtistID\": {\"id\": \"4\", \"Identifier\": {\"authority\": \"Auth-11\", \"value\": \"value-11\"}}\r\n}"
		},
		{
			"id": "9ce8faed-c294-aec7-9f25-7d52edbe4237",
			"headers": "",
			"headerData": [],
			"url": "http://localhost:9090/albumdomain-jersey-sponnapalli/myresource/album/123",
			"queryParams": [],
			"preRequestScript": null,
			"pathVariables": {},
			"pathVariableData": [],
			"method": "DELETE",
			"data": [],
			"dataMode": "raw",
			"version": 2,
			"tests": null,
			"currentHelper": "normal",
			"helperAttributes": {},
			"time": 1508440401206,
			"name": "Delete_Album",
			"description": "",
			"collectionId": "79d78e24-e257-d8cc-1bc5-bac59acfa60d",
			"responses": [],
			"rawModeData": ""
		},
		{
			"id": "b554b2e0-ab8e-cce7-bc01-0968eccee64f",
			"headers": "Content-Type: application/json\n",
			"headerData": [
				{
					"key": "Content-Type",
					"value": "application/json",
					"description": "",
					"enabled": true
				}
			],
			"url": "http://localhost:9090/albumdomain-jersey-sponnapalli/myresource/create",
			"queryParams": [],
			"pathVariables": {},
			"pathVariableData": [],
			"preRequestScript": null,
			"method": "POST",
			"collectionId": "79d78e24-e257-d8cc-1bc5-bac59acfa60d",
			"data": [],
			"dataMode": "raw",
			"name": "Post_Payload",
			"description": "",
			"descriptionFormat": "html",
			"time": 1508367652587,
			"version": 2,
			"responses": [],
			"tests": null,
			"currentHelper": "normal",
			"helperAttributes": {},
			"rawModeData": "{\r\n    \"Title\": \"Sri-Album1\",\r\n    \"id\": \"345\",\r\n    \"Song\": [{\"id\": \"1\"}],\r\n    \"ArtistID\": {\"id\": \"4\", \"Identifier\": {\"authority\": \"Auth-11\", \"value\": \"value-11\"}}\r\n}"
		}
	]
}