{
	"id" : "",
	"$schema" : "http://json-schema.org/draft-04/schema#",
	"title" : "OTM_BuiltIns",
	"description" : "DRAFT SCHEMA DISCLAIMER: This is an OpenTravel draft specification designed for review by OpenTravel members and other interested parties, and is not designed for implementation in a production environment, nor is it considered an official OpenTravel document. OpenTravel may at any time up to final specification publication change any aspect of this message including, but not limited to, specific elements, element names/labels, annotations or message name. Implementation of this version is done so at the risk of the implementer or implementing company. The current publication schedule can be found here http://wiki.opentravel.org/index.php/Public:2011AB_Publication_Schedule.",
	"definitions" : {
		"ExtensionPoint" : {},
		"ExtensionPoint_Summary" : {},
		"ExtensionPoint_Detail" : {},
		"ExtensionPoint_Custom" : {},
		"ExtensionPoint_Query" : {},
		"ExtensionPoint_Update" : {},
		"ExtensionPoint_Shared" : {},
		"ExtensionPoint_Choice" : {}
	}
}
