<?xml version="1.0" encoding="UTF-8" ?>
<!--

    Copyright (C) 2015, 2017 OpenTravel Alliance (info@opentravel.org)

    Licensed under the Apache License, Version 2.0 (the "License");
    you may not use this file except in compliance with the License.
    You may obtain a copy of the License at

            http://www.apache.org/licenses/LICENSE-2.0

    Unless required by applicable law or agreed to in writing, software
    distributed under the License is distributed on an "AS IS" BASIS,
    WITHOUT WARRANTIES OR CONDITIONS OF ANY KIND, either express or implied.
    See the License for the specific language governing permissions and
    limitations under the License.

-->
<ehcache xmlns:xsi="http://www.w3.org/2001/XMLSchema-instance"
	xsi:noNamespaceSchemaLocation="ehcache.xsd" updateCheck="true"
	monitoring="autodetect" dynamicConfig="true">

	<diskStore path="java.io.tmpdir/ehcache" />

	<defaultCache maxEntriesLocalHeap="10000" eternal="false"
		timeToIdleSeconds="1800" timeToLiveSeconds="3600" diskSpoolBufferSizeMB="30"
		maxEntriesLocalDisk="1000000" diskExpiryThreadIntervalSeconds="120"
		memoryStoreEvictionPolicy="LRU" statistics="true">
		<persistence strategy="localTempSwap" />
	</defaultCache>

	<cache name="daoCache" maxEntriesLocalHeap="10000" eternal="false"
		timeToIdleSeconds="1800" timeToLiveSeconds="3600" diskSpoolBufferSizeMB="30"
		maxEntriesLocalDisk="1000000" diskExpiryThreadIntervalSeconds="120"
		memoryStoreEvictionPolicy="LRU" statistics="true">
		<persistence strategy="localTempSwap" />
	</cache>
	
	<cache name="collectionCache" maxEntriesLocalHeap="10000" eternal="false"
		timeToIdleSeconds="1800" timeToLiveSeconds="3600" diskSpoolBufferSizeMB="30"
		maxEntriesLocalDisk="1000000" diskExpiryThreadIntervalSeconds="120"
		memoryStoreEvictionPolicy="LRU" statistics="true">
		<persistence strategy="localTempSwap" />
	</cache>
	
</ehcache>
