<?xml version="1.0" encoding="UTF-8"?>
<!--
	Copyright (c) 2017, Travelport.
	All Rights Reserved.
	Use is subject to license agreement.
-->
<beans xmlns="http://www.springframework.org/schema/beans" xmlns:p="http://www.springframework.org/schema/p"
	xmlns:context="http://www.springframework.org/schema/context" xmlns:mvc="http://www.springframework.org/schema/mvc"
	xmlns:xsi="http://www.w3.org/2001/XMLSchema-instance" xsi:schemaLocation="
		http://www.springframework.org/schema/beans http://www.springframework.org/schema/beans/spring-beans-3.0.xsd
        http://www.springframework.org/schema/context http://www.springframework.org/schema/context/spring-context-3.0.xsd
        http://www.springframework.org/schema/mvc http://www.springframework.org/schema/mvc/spring-mvc-3.0.xsd">
	
	<context:component-scan base-package="com.travelport.otm.odaudit" />
	<mvc:annotation-driven />
	
	<bean id="messageSource" class="org.springframework.context.support.ReloadableResourceBundleMessageSource">
		<property name="basename" value="classpath*:/com/travelport/otm/odaudit/odaudit-messages"/>
	</bean>
	
	<bean id="localeResolver" class="org.springframework.web.servlet.i18n.FixedLocaleResolver">
		<constructor-arg value="en" />
	</bean>
	
	<bean id="viewResolver" class="org.springframework.web.servlet.view.UrlBasedViewResolver">
		<property name="viewClass" value="org.springframework.web.servlet.view.tiles3.TilesView" />
	</bean>
	
	<bean id="tilesConfigurer" class="org.springframework.web.servlet.view.tiles3.TilesConfigurer"
		p:definitions="/WEB-INF/tiles-defs.xml" />
	
</beans>