<?xml version="1.0" encoding="UTF-8" ?>
<!--
	Copyright (c) 2017, Travelport.
	All Rights Reserved.
	Use is subject to license agreement.
-->
<!DOCTYPE tiles-definitions PUBLIC
       "-//Apache Software Foundation//DTD Tiles Configuration 3.0//EN"
       "http://tiles.apache.org/dtds/tiles-config_3_0.dtd">

<tiles-definitions>
	
	<!-- Page Layouts -->
	<definition name="baseLayout" template="/WEB-INF/tiles/baseLayout.jsp">
		<put-attribute name="header" value="/WEB-INF/tiles/header.jsp" />
		<put-attribute name="sidebar" value="/WEB-INF/tiles/sidebar.jsp" />
	</definition>
	
	<!-- Public Pages -->
	<definition name="home" extends="baseLayout">
		<put-attribute name="title" value="ODM Audit Dashboard" />
		<put-attribute name="body" value="/WEB-INF/jsp/index.jsp" />
	</definition>
	<definition name="viewOrganization" extends="baseLayout">
		<put-attribute name="title" value="Organization Details" />
		<put-attribute name="body" value="/WEB-INF/jsp/organization.jsp" />
	</definition>
	<definition name="viewProjectTeam" extends="baseLayout">
		<put-attribute name="title" value="Project Team Details" />
		<put-attribute name="body" value="/WEB-INF/jsp/projectTeam.jsp" />
	</definition>
	<definition name="viewGitBucketGroup" extends="baseLayout">
		<put-attribute name="title" value="GitBucket Group Details" />
		<put-attribute name="body" value="/WEB-INF/jsp/gitBucketGroup.jsp" />
	</definition>
	<definition name="viewGitRepository" extends="baseLayout">
		<put-attribute name="title" value="Git Repository Details" />
		<put-attribute name="body" value="/WEB-INF/jsp/gitRepository.jsp" />
	</definition>
	<definition name="kpiHistory" extends="baseLayout">
		<put-attribute name="title" value="KPI History" />
		<put-attribute name="body" value="/WEB-INF/jsp/kpiHistory.jsp" />
	</definition>
	
	<!-- Admin Pages -->
	<definition name="createOrganization" extends="baseLayout">
		<put-attribute name="title" value="New Organization" />
		<put-attribute name="body" value="/WEB-INF/jsp/createOrganization.jsp" />
	</definition>
	<definition name="updateOrganization" extends="baseLayout">
		<put-attribute name="title" value="Edit Organization" />
		<put-attribute name="body" value="/WEB-INF/jsp/updateOrganization.jsp" />
	</definition>
	<definition name="deleteOrganization" extends="baseLayout">
		<put-attribute name="title" value="Delete Organization" />
		<put-attribute name="body" value="/WEB-INF/jsp/deleteOrganization.jsp" />
	</definition>
	<definition name="createProjectTeam" extends="baseLayout">
		<put-attribute name="title" value="New Project Team" />
		<put-attribute name="body" value="/WEB-INF/jsp/createProjectTeam.jsp" />
	</definition>
	<definition name="updateProjectTeam" extends="baseLayout">
		<put-attribute name="title" value="Edit Project Team" />
		<put-attribute name="body" value="/WEB-INF/jsp/updateProjectTeam.jsp" />
	</definition>
	<definition name="deleteProjectTeam" extends="baseLayout">
		<put-attribute name="title" value="Delete Project Team" />
		<put-attribute name="body" value="/WEB-INF/jsp/deleteProjectTeam.jsp" />
	</definition>
	<definition name="createGitBucketGroup" extends="baseLayout">
		<put-attribute name="title" value="New GitBucket Group" />
		<put-attribute name="body" value="/WEB-INF/jsp/createGitBucketGroup.jsp" />
	</definition>
	<definition name="updateGitBucketGroup" extends="baseLayout">
		<put-attribute name="title" value="Edit GitBucket Group" />
		<put-attribute name="body" value="/WEB-INF/jsp/updateGitBucketGroup.jsp" />
	</definition>
	<definition name="deleteGitBucketGroup" extends="baseLayout">
		<put-attribute name="title" value="Delete GitBucket Group" />
		<put-attribute name="body" value="/WEB-INF/jsp/deleteGitBucketGroup.jsp" />
	</definition>
	<definition name="createGitRepository" extends="baseLayout">
		<put-attribute name="title" value="New Git Repository" />
		<put-attribute name="body" value="/WEB-INF/jsp/createGitRepository.jsp" />
	</definition>
	<definition name="updateGitRepository" extends="baseLayout">
		<put-attribute name="title" value="Edit Git Repository" />
		<put-attribute name="body" value="/WEB-INF/jsp/updateGitRepository.jsp" />
	</definition>
	<definition name="deleteGitRepository" extends="baseLayout">
		<put-attribute name="title" value="Delete Git Repository" />
		<put-attribute name="body" value="/WEB-INF/jsp/deleteGitRepository.jsp" />
	</definition>
	<definition name="discoverGitRepositories" extends="baseLayout">
		<put-attribute name="title" value="Discover New Git Repositories" />
		<put-attribute name="body" value="/WEB-INF/jsp/discoverGitRepositories.jsp" />
	</definition>
	
	<!-- User Account Pages -->
	<definition name="createUser" extends="baseLayout">
		<put-attribute name="title" value="Create User Account" />
		<put-attribute name="body" value="/WEB-INF/jsp/createUser.jsp" />
	</definition>
	<definition name="selectDeleteUser" extends="baseLayout">
		<put-attribute name="title" value="Delete User Account" />
		<put-attribute name="body" value="/WEB-INF/jsp/selectDeleteUser.jsp" />
	</definition>
	<definition name="deleteUser" extends="baseLayout">
		<put-attribute name="title" value="Delete User Account" />
		<put-attribute name="body" value="/WEB-INF/jsp/deleteUser.jsp" />
	</definition>
	<definition name="changePassword" extends="baseLayout">
		<put-attribute name="title" value="Change Password" />
		<put-attribute name="body" value="/WEB-INF/jsp/changePassword.jsp" />
	</definition>
	
</tiles-definitions>
